province,country,Confirmed,Deaths,Recovered,Active,Incidence_Rate,Case-Fatality_Ratio
,Afghanistan,38919.0,1437.0,32576.0,4906.0,99.9760046286072,3.692283974408387
,Albania,12226.0,358.0,6888.0,4980.0,424.83841823615273,2.928185833469655
,Algeria,49623.0,1665.0,34923.0,13035.0,113.16264472888365,3.35529895411402
,Andorra,1564.0,53.0,1164.0,347.0,2024.202420242024,3.3887468030690537
,Angola,3901.0,147.0,1445.0,2309.0,11.869312329589718,3.76826454755191
,Antigua and Barbuda,96.0,3.0,92.0,1.0,98.03120660076792,3.125
,Argentina,622934.0,12799.0,478077.0,132058.0,1378.3013399681124,2.0546317908478264
,Armenia,47154.0,928.0,42551.0,3675.0,1591.3019356554364,1.968019680196802
Australian Capital Territory,Australia,113.0,3.0,110.0,0.0,26.395701938799345,2.6548672566371683
New South Wales,Australia,4200.0,53.0,2994.0,1153.0,51.736881005173686,1.2619047619047619
Northern Territory,Australia,33.0,0.0,31.0,2.0,13.436482084690551,0.0
Queensland,Australia,1152.0,6.0,1123.0,23.0,22.51979278662888,0.5208333333333333
South Australia,Australia,466.0,4.0,462.0,0.0,26.530031312268715,0.8583690987124464
Tasmania,Australia,230.0,13.0,217.0,0.0,42.95051353874883,5.6521739130434785
Victoria,Australia,20042.0,761.0,18379.0,902.0,302.2971688864085,3.79702624488574
Western Australia,Australia,662.0,9.0,650.0,3.0,25.165361514483386,1.3595166163141994
,Austria,37474.0,765.0,28961.0,7748.0,416.08189731746313,2.0414153813310563
,Azerbaijan,39042.0,574.0,36601.0,1867.0,385.06091471939277,1.4702115670303777
,Bahamas,3214.0,73.0,1679.0,1462.0,817.2959557327691,2.271313005600498
,Bahrain,64499.0,221.0,57299.0,6979.0,3790.529171953409,0.34264097117784775
,Bangladesh,347372.0,4913.0,254386.0,88073.0,210.92555796386702,1.4143339129233214
,Barbados,185.0,7.0,172.0,6.0,64.37671163756956,3.783783783783784
,Belarus,75461.0,776.0,73212.0,1473.0,798.5864804465845,1.0283457680126158
,Belgium,100748.0,9944.0,18945.0,71859.0,869.2954106503615,9.870171120022233
,Belize,1606.0,20.0,876.0,710.0,403.902208384366,1.2453300124533
,Benin,2280.0,40.0,1950.0,290.0,18.806918768463568,1.7543859649122806
,Bhutan,259.0,0.0,190.0,69.0,33.566092803118664,0.0
,Bolivia,130470.0,7586.0,89032.0,33852.0,1117.7047534106187,5.814363455200429
,Bosnia and Herzegovina,25217.0,758.0,17489.0,6970.0,768.6199922885014,3.0059087123765713
,Botswana,2567.0,13.0,624.0,1930.0,109.15856056981876,0.506427736657577
Acre,Brazil,27061.0,648.0,24298.0,2115.0,3068.366716367985,2.3945900003695355
Alagoas,Brazil,83950.0,2014.0,80658.0,1278.0,2515.463583907865,2.3990470518165576
Amapa,Brazil,46738.0,691.0,35026.0,11021.0,5526.343482738601,1.4784543626171425
Amazonas,Brazil,131573.0,3956.0,109874.0,17743.0,3174.566791415426,3.0066959026548
Bahia,Brazil,294210.0,6221.0,280351.0,7638.0,1978.1398103309448,2.1144760545188808
Ceara,Brazil,233600.0,8801.0,206727.0,18072.0,2558.0158207146287,3.767551369863013
Distrito Federal,Brazil,183096.0,3048.0,170627.0,9421.0,6072.296061245634,1.6647004849914797
Espirito Santo,Brazil,123720.0,3408.0,113545.0,6767.0,3078.645813892725,2.7546071774975753
Goias,Brazil,182856.0,4135.0,172741.0,5980.0,2605.3972199179466,2.261342258389115
Maranhao,Brazil,167333.0,3643.0,157810.0,5880.0,2365.070236365685,2.177095970310698
Mato Grosso,Brazil,112242.0,3214.0,92468.0,16560.0,3221.2109402129336,2.863455747402933
Mato Grosso do Sul,Brazil,63466.0,1162.0,56313.0,5991.0,2283.782645900339,1.830901585100684
Minas Gerais,Brazil,268009.0,6656.0,233463.0,27890.0,1266.0571876778415,2.4834986884768795
Para,Brazil,220205.0,6451.0,204728.0,9026.0,2559.670528364679,2.9295429259099475
Paraiba,Brazil,116588.0,2695.0,89305.0,24588.0,2901.550896723772,2.3115586509760866
Parana,Brazil,163479.0,4093.0,114358.0,45028.0,1429.7674899424585,2.5036854886560356
Pernambuco,Brazil,141042.0,8004.0,122512.0,10526.0,1475.786880729462,5.674905347343344
Piaui,Brazil,90061.0,2025.0,87492.0,544.0,2751.443758712732,2.248476032911027
Rio Grande do Norte,Brazil,66963.0,2348.0,39924.0,24691.0,1909.489790418931,3.5064139898152713
Rio Grande do Sul,Brazil,174140.0,4371.0,159153.0,10616.0,1530.5998230326354,2.510049385551855
Rio de Janeiro,Brazil,251261.0,17634.0,228258.0,5369.0,1455.324816305504,7.018200198200278
Rondonia,Brazil,62697.0,1297.0,52932.0,8468.0,3527.8031763001313,2.068679522146195
Roraima,Brazil,48088.0,613.0,15164.0,32311.0,7938.444369974297,1.2747462984528364
Santa Catarina,Brazil,205250.0,2635.0,194520.0,8095.0,2864.7044406617474,1.2838002436053593
Sao Paulo,Brazil,931673.0,33927.0,780448.0,117298.0,2028.946636068181,3.6415137070624564
Sergipe,Brazil,75772.0,1976.0,68932.0,4864.0,3296.303643456987,2.6078234704112337
Tocantins,Brazil,63167.0,866.0,45266.0,17035.0,4016.0445962974595,1.3709690186331471
,Brunei,145.0,3.0,142.0,0.0,33.144145029635446,2.0689655172413794
,Bulgaria,18819.0,755.0,13558.0,4506.0,270.8375758892817,4.0119028641266805
,Burkina Faso,1816.0,56.0,1176.0,584.0,8.687632628719763,3.0837004405286343
,Burma,5263.0,81.0,1188.0,3994.0,9.672890876962336,1.5390461713851415
,Burundi,473.0,1.0,374.0,98.0,3.9778715964914335,0.21141649048625794
,Cabo Verde,5186.0,50.0,4581.0,555.0,932.7539443297336,0.9641342074816814
,Cambodia,275.0,0.0,274.0,1.0,1.644838070476945,0.0
,Cameroon,20431.0,416.0,19124.0,891.0,76.9649087330516,2.0361215799520336
Alberta,Canada,16381.0,255.0,14702.0,1424.0,371.18645066354026,1.5566815212746474
British Columbia,Canada,7842.0,223.0,5797.0,1822.0,153.43626202499468,2.8436623310380003
Diamond Princess,Canada,0.0,1.0,0.0,,,0.0
Grand Princess,Canada,13.0,0.0,13.0,0.0,,0.0
Manitoba,Canada,1558.0,16.0,1211.0,331.0,113.10205246105856,1.0269576379974326
New Brunswick,Canada,194.0,2.0,192.0,0.0,24.872018082213557,1.0309278350515463
Newfoundland and Labrador,Canada,272.0,3.0,267.0,2.0,52.17074410441821,1.1029411764705883
Northwest Territories,Canada,5.0,0.0,5.0,0.0,11.134865490824867,0.0
Nova Scotia,Canada,1086.0,65.0,1021.0,0.0,111.10463171269942,5.985267034990792
Ontario,Canada,48317.0,2876.0,42573.0,2868.0,328.4228396649852,5.952356313512842
Prince Edward Island,Canada,57.0,0.0,56.0,1.0,36.039909457630976,0.0
Quebec,Canada,67080.0,5797.0,58490.0,2793.0,785.6940895143103,8.641920095408468
Saskatchewan,Canada,1787.0,24.0,1642.0,121.0,151.22716571349258,1.3430330162283157
Yukon,Canada,15.0,0.0,15.0,0.0,36.515896586980865,0.0
,Central African Republic,4786.0,62.0,1830.0,2894.0,99.09386876874315,1.2954450480568325
,Chad,1149.0,81.0,966.0,102.0,6.995067959611733,7.049608355091384
Antofagasta,Chile,19391.0,489.0,18423.0,479.0,3191.755523147676,2.5217884585632513
Araucania,Chile,6358.0,103.0,5770.0,485.0,664.2123473711482,1.620006291286568
Arica y Parinacota,Chile,7561.0,138.0,7030.0,393.0,3344.568890776226,1.8251554027245074
Atacama,Chile,6552.0,56.0,6083.0,413.0,2267.5674179079683,0.8547008547008548
Aysen,Chile,223.0,1.0,155.0,67.0,216.1732488028073,0.4484304932735426
Biobio,Chile,21564.0,286.0,19404.0,1874.0,1385.144574946766,1.3262845483212762
Coquimbo,Chile,11497.0,192.0,10756.0,549.0,1517.5834822713198,1.6700008697921196
Los Lagos,Chile,8086.0,85.0,7312.0,689.0,975.7357235600476,1.0511996042542666
Los Rios,Chile,1500.0,15.0,1254.0,231.0,389.77541140794676,1.0
Magallanes,Chile,6273.0,64.0,4924.0,1285.0,3766.8209904343294,1.0202454965726127
Maule,Chile,14317.0,297.0,12693.0,1327.0,1370.1134025551462,2.0744569393029266
Metropolitana,Chile,282535.0,8998.0,269784.0,3753.0,3972.2005711387123,3.1847381740315357
Nuble,Chile,5881.0,105.0,5223.0,553.0,1223.6558200116935,1.785410644448223
OHiggins,Chile,15386.0,383.0,14218.0,785.0,1682.3482458682092,2.4892759651631353
Tarapaca,Chile,11401.0,218.0,10898.0,285.0,3449.016511474537,1.912112972546268
Unknown,Chile,54.0,1.0,54.0,,,1.8518518518518516
Valparaiso,Chile,26095.0,823.0,24120.0,1152.0,1437.026888014882,3.153860892891359
Anhui,China,991.0,6.0,985.0,0.0,1.5670461733080334,0.6054490413723511
Beijing,China,935.0,9.0,926.0,0.0,4.340761374187558,0.9625668449197862
Chongqing,China,584.0,6.0,577.0,1.0,1.8826563507414569,1.0273972602739725
Fujian,China,395.0,1.0,380.0,14.0,1.002283684344075,0.25316455696202533
Gansu,China,170.0,2.0,168.0,0.0,0.6446719757299962,1.1764705882352942
Guangdong,China,1797.0,8.0,1767.0,22.0,1.5838180856689583,0.4451864218141347
Guangxi,China,258.0,2.0,253.0,3.0,0.5237515225334958,0.7751937984496124
Guizhou,China,147.0,2.0,145.0,0.0,0.4083333333333333,1.3605442176870748
Hainan,China,171.0,6.0,165.0,0.0,1.8308351177730195,3.508771929824561
Hebei,China,365.0,6.0,356.0,3.0,0.4830598200105876,1.643835616438356
Heilongjiang,China,948.0,13.0,935.0,0.0,2.5125894513649616,1.3713080168776373
Henan,China,1279.0,22.0,1254.0,3.0,1.3315981259760539,1.7200938232994525
Hong Kong,China,5009.0,103.0,4708.0,198.0,66.81349896785214,2.0562986624076665
Hubei,China,68139.0,4512.0,63627.0,0.0,115.1580192665202,6.62175846431559
Hunan,China,1019.0,4.0,1015.0,0.0,1.4770256558921582,0.39254170755642787
Inner Mongolia,China,261.0,1.0,259.0,1.0,1.0299921073401737,0.38314176245210724
Jiangsu,China,665.0,0.0,664.0,1.0,0.8259843497702148,0.0
Jiangxi,China,935.0,1.0,934.0,0.0,2.011617900172117,0.10695187165775401
Jilin,China,157.0,2.0,155.0,0.0,0.5806213017751479,1.2738853503184715
Liaoning,China,265.0,2.0,262.0,1.0,0.6079376003670567,0.7547169811320755
Macau,China,46.0,0.0,46.0,0.0,7.084094360136879,0.0
Ningxia,China,75.0,0.0,75.0,0.0,1.0901162790697674,0.0
Qinghai,China,18.0,0.0,18.0,0.0,0.29850746268656714,0.0
Shaanxi,China,399.0,3.0,372.0,24.0,1.0326086956521738,0.7518796992481203
Shandong,China,831.0,7.0,815.0,9.0,0.8271125709166915,0.842358604091456
Shanghai,China,972.0,7.0,916.0,49.0,4.00990099009901,0.720164609053498
Shanxi,China,203.0,0.0,203.0,0.0,0.5459924690693921,0.0
Sichuan,China,672.0,3.0,652.0,17.0,0.8056587939096032,0.4464285714285714
Tianjin,China,237.0,3.0,226.0,8.0,1.5192307692307692,1.2658227848101267
Tibet,China,1.0,0.0,1.0,0.0,0.02906976744186046,0.0
Xinjiang,China,902.0,3.0,899.0,0.0,3.626859670285485,0.3325942350332594
Yunnan,China,206.0,2.0,196.0,8.0,0.42650103519668736,0.9708737864077669
Zhejiang,China,1282.0,1.0,1272.0,9.0,2.2346173958514903,0.078003120124805
Amazonas,Colombia,2732.0,115.0,2597.0,20.0,3567.091880034992,4.209370424597365
Antioquia,Colombia,102501.0,2187.0,85968.0,14346.0,1599.8028437817914,2.133637720607604
Arauca,Colombia,1449.0,34.0,1122.0,293.0,552.6863838519456,2.346445824706694
Atlantico,Colombia,66512.0,3016.0,61671.0,1825.0,2623.212544029482,4.5345200866009145
Bolivar,Colombia,27972.0,754.0,25630.0,1588.0,1351.2325431981876,2.6955526955526956
Boyaca,Colombia,5995.0,117.0,4266.0,1612.0,492.4526194043582,1.9516263552960802
Caldas,Colombia,4653.0,106.0,3183.0,1364.0,466.1133678268579,2.278100150440576
Capital District,Colombia,250490.0,6408.0,205741.0,38341.0,3379.261648395441,2.5581859555271667
Caqueta,Colombia,7759.0,274.0,6504.0,981.0,1932.556060066403,3.5313829101688365
Casanare,Colombia,1771.0,41.0,1203.0,527.0,421.1612731389,2.3150762281197066
Cauca,Colombia,8192.0,224.0,6257.0,1711.0,559.3763827358093,2.734375
Cesar,Colombia,17236.0,494.0,12740.0,4002.0,1435.6466157021555,2.866094221397076
Choco,Colombia,3930.0,154.0,3636.0,140.0,734.8184269276362,3.9185750636132317
Cordoba,Colombia,22745.0,1480.0,19406.0,1859.0,1274.384617065492,6.506924598812926
Cundinamarca,Colombia,30582.0,898.0,25087.0,4597.0,1047.666029475242,2.9363677980511413
Guainia,Colombia,547.0,10.0,234.0,303.0,1136.8832356486678,1.8281535648994516
Guaviare,Colombia,628.0,11.0,417.0,200.0,758.7565092367731,1.7515923566878981
Huila,Colombia,9380.0,282.0,6258.0,2840.0,852.4281479408135,3.0063965884861408
La Guajira,Colombia,7207.0,275.0,5698.0,1234.0,818.4564368129373,3.8157347023726933
Magdalena,Colombia,14454.0,789.0,12119.0,1546.0,1077.2530717438324,5.4586965545869655
Meta,Colombia,14066.0,366.0,11374.0,2326.0,1352.8616303204124,2.602019053035689
Narino,Colombia,17412.0,638.0,14545.0,2229.0,1067.8330324201272,3.6641396737881924
Norte de Santander,Colombia,14427.0,831.0,11890.0,1706.0,967.1587039925882,5.760033270950301
Putumayo,Colombia,3619.0,160.0,3065.0,394.0,1039.3989350397203,4.421110804089527
Quindio,Colombia,2531.0,76.0,1571.0,884.0,468.7870436225699,3.00276570525484
Risaralda,Colombia,9468.0,195.0,6938.0,2335.0,1003.602921769216,2.0595690747782003
San Andres y Providencia,Colombia,841.0,9.0,337.0,495.0,1372.3890339425589,1.070154577883472
Santander,Colombia,27012.0,1158.0,20338.0,5516.0,1236.3393699392675,4.286983562860951
Sucre,Colombia,13512.0,559.0,11964.0,989.0,1493.264726262429,4.137063351095323
Tolima,Colombia,10862.0,277.0,8129.0,2456.0,816.5769173807892,2.550174921745535
Valle del Cauca,Colombia,56837.0,2092.0,47119.0,7626.0,1269.8491427172185,3.6807009518447487
Vaupes,Colombia,679.0,5.0,457.0,217.0,1664.3380640733387,0.7363770250368188
Vichada,Colombia,397.0,4.0,221.0,172.0,368.24725437815374,1.0075566750629723
,Comoros,470.0,7.0,450.0,13.0,54.04814885090185,1.4893617021276597
,Congo (Brazzaville),4986.0,89.0,3887.0,1010.0,90.35731916031843,1.784997994384276
,Congo (Kinshasa),10488.0,268.0,9891.0,329.0,11.710401502861655,2.555301296720061
,Costa Rica,63712.0,706.0,23552.0,39454.0,1250.6983550034413,1.1081115017579106
,Cote d'Ivoire,19269.0,120.0,18392.0,757.0,73.04874939699431,0.6227619492449011
,Croatia,14725.0,244.0,12353.0,2128.0,358.6854743709788,1.6570458404074704
,Cuba,5055.0,113.0,4284.0,658.0,44.629393280393714,2.235410484668645
,Cyprus,1590.0,22.0,1282.0,286.0,131.69217823004058,1.3836477987421385
,Czechia,48306.0,499.0,24228.0,23579.0,451.07929026307073,1.0329979712665094
Faroe Islands,Denmark,22881.0,635.0,17742.0,4504.0,1294.030243283892,2.775228355404047
,Diamond Princess,712.0,13.0,651.0,48.0,,1.8258426966292134
,Djibouti,5403.0,61.0,5333.0,9.0,546.8612411715766,1.1290024060707016
,Dominica,24.0,0.0,18.0,6.0,33.337500520898445,0.0
,Dominican Republic,107700.0,2044.0,80820.0,24836.0,992.8185205178804,1.8978644382544103
,Ecuador,125620.0,11084.0,97063.0,17473.0,712.0080076812072,8.82343575863716
,Egypt,101900.0,5750.0,88666.0,7484.0,99.57550639153091,5.642787046123651
,El Salvador,27428.0,808.0,21247.0,5373.0,422.86694476473986,2.945894706139711
,Equatorial Guinea,5002.0,83.0,4509.0,410.0,356.5255508790187,1.6593362654938024
,Eritrea,364.0,0.0,305.0,59.0,10.263851476429657,0.0
,Estonia,2875.0,64.0,2374.0,437.0,216.72939883410893,2.226086956521739
,Eswatini,5245.0,104.0,4571.0,570.0,452.09125606379786,1.9828408007626313
,Ethiopia,68131.0,1089.0,27939.0,39103.0,59.26311465083687,1.5983913343411957
,Fiji,32.0,2.0,26.0,4.0,3.5696596775704896,6.25
,Finland,8922.0,339.0,7700.0,883.0,161.0260619652543,3.799596503026227
French Guiana,France,467614.0,31257.0,93586.0,343374.0,8474.050818628202,6.684359322004902
,Gabon,8696.0,53.0,7848.0,795.0,390.70362595968595,0.609475620975161
,Gambia,3504.0,108.0,1992.0,1404.0,144.9932634408424,3.0821917808219177
,Georgia,3306.0,19.0,1481.0,1806.0,82.87427851623455,0.5747126436781609
Baden-Wurttemberg,Germany,46779.0,1871.0,41228.0,3680.0,422.5923532636833,3.999657966181406
Bayern,Germany,64465.0,2648.0,56398.0,5419.0,492.9752649765945,4.107655316838595
Berlin,Germany,13064.0,227.0,11667.0,1170.0,358.42588919196686,1.7375995101041029
Brandenburg,Germany,4117.0,173.0,3792.0,152.0,163.8987275455359,4.202088899684235
Bremen,Germany,2192.0,59.0,2015.0,118.0,320.94362109911475,2.691605839416058
Hamburg,Germany,7149.0,269.0,6129.0,751.0,388.28381162287866,3.7627640229402717
Hessen,Germany,17516.0,543.0,15649.0,1324.0,279.54889783585804,3.100022836263987
Mecklenburg-Vorpommern,Germany,1105.0,20.0,1014.0,71.0,68.64739776662991,1.809954751131222
Niedersachsen,Germany,18775.0,669.0,16482.0,1624.0,235.2035365592109,3.563249001331558
Nordrhein-Westfalen,Germany,64692.0,1844.0,58524.0,4324.0,360.7497854054038,2.8504297285599454
Rheinland-Pfalz,Germany,10075.0,247.0,9057.0,771.0,246.6434458696587,2.4516129032258065
Saarland,Germany,3275.0,176.0,3003.0,96.0,330.63808607493723,5.374045801526718
Sachsen,Germany,6658.0,226.0,5826.0,606.0,163.26882931246854,3.3944127365575247
Sachsen-Anhalt,Germany,2423.0,66.0,2213.0,144.0,109.72136750046757,2.723895996698308
Schleswig-Holstein,Germany,4384.0,161.0,3981.0,242.0,151.34400658401663,3.6724452554744524
Thuringen,Germany,3919.0,189.0,3532.0,198.0,182.86210219093903,4.82265884154121
Unknown,Germany,2344.0,0.0,0.0,2344.0,,0.0
,Ghana,45877.0,297.0,45081.0,499.0,147.64290928973742,0.6473832203500665
,Greece,14978.0,331.0,1347.0,13300.0,143.70065746552643,2.209907864868474
,Grenada,24.0,0.0,24.0,0.0,21.329730978768033,0.0
,Guatemala,85152.0,3105.0,74497.0,7550.0,475.29614887432814,3.6464205186020298
,Guinea,10286.0,63.0,9681.0,542.0,78.32302529424055,0.612482986583706
,Guinea-Bissau,2303.0,39.0,1127.0,1137.0,117.02247664885842,1.693443334780721
,Guyana,2168.0,64.0,1331.0,773.0,275.6309444046791,2.952029520295203
,Haiti,8600.0,221.0,6363.0,2016.0,75.42183828803653,2.5697674418604652
,Holy See,12.0,0.0,12.0,0.0,1483.3127317676144,0.0
,Honduras,71143.0,2166.0,21810.0,47167.0,718.2818340715753,3.0445721996542177
,Hungary,16920.0,675.0,4382.0,11863.0,175.14893352725315,3.9893617021276597
,Iceland,2307.0,10.0,2116.0,181.0,676.0439560439562,0.43346337234503685
Andaman and Nicobar Islands,India,3631.0,52.0,3414.0,165.0,870.6682396723544,1.4321123657394659
Andhra Pradesh,India,609558.0,5244.0,519891.0,84423.0,1130.8341944263138,0.8602954927997006
Arunachal Pradesh,India,7005.0,13.0,5106.0,1886.0,446.0482228751103,0.185581727337616
Assam,India,152858.0,540.0,123687.0,28631.0,429.2915229485945,0.35326904708945556
Bihar,India,165218.0,859.0,151750.0,12609.0,132.3862964470027,0.519919137140021
Chandigarh,India,9506.0,113.0,6415.0,2978.0,820.5629306854802,1.1887229118451506
Chhattisgarh,India,81617.0,645.0,44392.0,36580.0,277.2671542087029,0.790276535525687
Dadra and Nagar Haveli and Daman and Diu,India,2859.0,2.0,2639.0,218.0,464.33142122119654,0.06995452955578874
Delhi,India,238828.0,4907.0,201671.0,32250.0,1276.4095751134014,2.0546167116083542
Goa,India,27379.0,335.0,21314.0,5730.0,1726.02048857368,1.2235655064100224
Gujarat,India,120336.0,3286.0,100974.0,16076.0,188.4006266932294,2.7306874085892834
Haryana,India,106261.0,1092.0,83878.0,21291.0,376.749372054834,1.0276583130217107
Himachal Pradesh,India,11622.0,111.0,7081.0,4430.0,155.95907382693534,0.9550851832731028
Jammu and Kashmir,India,61041.0,966.0,39305.0,20770.0,448.6224048824369,1.5825428810144002
Jharkhand,India,68578.0,602.0,54052.0,13924.0,177.69107218572196,0.8778325410481496
Karnataka,India,502982.0,7808.0,394026.0,101148.0,744.4671456667662,1.552341833306162
Kerala,India,126381.0,501.0,90085.0,35795.0,354.0139267719107,0.3964203479953474
Ladakh,India,3635.0,48.0,2600.0,987.0,1325.2445413414318,1.3204951856946356
Lakshadweep,India,0.0,0.0,0.0,0.0,0.0,0.0
Madhya Pradesh,India,100458.0,1901.0,76952.0,21605.0,117.68886841587171,1.8923331143363396
Maharashtra,India,1167496.0,31791.0,834432.0,301273.0,948.0720829266996,2.7230071880331925
Manipur,India,8607.0,52.0,6629.0,1926.0,278.40448707685,0.6041594051353549
Meghalaya,India,4445.0,32.0,2437.0,1976.0,132.02800359995368,0.7199100112485939
Mizoram,India,1548.0,0.0,973.0,575.0,124.91486745144621,0.0
Nagaland,India,5357.0,15.0,4129.0,1213.0,238.1211675360437,0.2800074668657831
Odisha,India,171341.0,682.0,137567.0,33092.0,369.61723504710267,0.39803666372905494
Puducherry,India,21913.0,462.0,16715.0,4736.0,1550.219236499517,2.108337516542692
Punjab,India,92833.0,2708.0,68463.0,21662.0,307.99194184020746,2.9170661295013627
Rajasthan,India,111290.0,1308.0,92265.0,17717.0,137.33963585979478,1.1753077545152304
Sikkim,India,2303.0,24.0,1857.0,422.0,333.646745893885,1.0421189752496742
Tamil Nadu,India,530908.0,8685.0,475717.0,46506.0,682.0392581739452,1.6358766490616077
Telangana,India,169169.0,1025.0,137508.0,30636.0,429.7694580752169,0.6059029727668781
Tripura,India,21484.0,235.0,14142.0,7107.0,515.2292895044695,1.093837274250605
Unknown,India,0.0,0.0,0.0,0.0,,0.0
Uttar Pradesh,India,342788.0,4869.0,270094.0,67825.0,144.09957679776872,1.4204114496423446
Uttarakhand,India,38007.0,464.0,26250.0,11293.0,337.81423603426515,1.2208277422580052
West Bengal,India,218772.0,4242.0,190021.0,24509.0,219.63008816556012,1.939004991497998
,Indonesia,240687.0,9448.0,174350.0,56889.0,87.99495967479899,3.9254301229397512
,Iran,419043.0,24118.0,357632.0,37293.0,498.90256864763404,5.755495259436382
,Iraq,315597.0,8491.0,249539.0,57567.0,784.6279481910907,2.6904564999033576
,Ireland,32538.0,1792.0,23364.0,7382.0,658.957964241536,5.507406724445264
,Israel,183602.0,1226.0,132449.0,49927.0,2121.2076749448706,0.6677487173342338
Abruzzo,Italy,4137.0,474.0,2984.0,679.0,315.4210951676604,11.457577955039884
Basilicata,Italy,631.0,28.0,438.0,165.0,112.10423739804466,4.437400950871632
Calabria,Italy,1810.0,98.0,1267.0,445.0,92.95727919693128,5.414364640883978
Campania,Italy,10089.0,456.0,5060.0,4573.0,173.8975457504466,4.519774011299435
Emilia-Romagna,Italy,34225.0,4474.0,25313.0,4438.0,767.4666782674292,13.072315558802044
Friuli Venezia Giulia,Italy,4345.0,350.0,3314.0,681.0,357.54842744523626,8.05523590333717
Lazio,Italy,14179.0,890.0,7751.0,5538.0,241.17710894319896,6.276888356019465
Liguria,Italy,12407.0,1588.0,9386.0,1433.0,800.1212402620853,12.799226243249779
Lombardia,Italy,104547.0,16917.0,78695.0,8935.0,1039.175299540563,16.181239059944332
Marche,Italy,7703.0,989.0,6093.0,621.0,505.02500867059035,12.839153576528625
Molise,Italy,586.0,23.0,459.0,104.0,191.7432603552813,3.9249146757679183
P.A. Bolzano,Italy,3281.0,292.0,2584.0,405.0,616.3608970577737,8.899725693386163
P.A. Trento,Italy,5689.0,405.0,4750.0,534.0,1050.7593024243745,7.119001582000352
Piemonte,Italy,34241.0,4154.0,27783.0,2304.0,785.9919392269683,12.131655033439444
Puglia,Italy,6944.0,578.0,4278.0,2088.0,172.34819199449598,8.323732718894009
Sardegna,Italy,3167.0,141.0,1431.0,1595.0,193.1579278002868,4.452162930217872
Sicilia,Italy,5846.0,296.0,3318.0,2232.0,116.92254891156628,5.063291139240507
Toscana,Italy,13665.0,1152.0,9686.0,2827.0,366.38915112741415,8.430296377607025
Umbria,Italy,2192.0,83.0,1638.0,471.0,248.52185053542166,3.786496350364964
Valle d'Aosta,Italy,1276.0,146.0,1082.0,48.0,1015.3900020689764,11.442006269592477
Veneto,Italy,25609.0,2158.0,20406.0,3045.0,522.0090120904537,8.426724979499395
,Jamaica,4758.0,60.0,1327.0,3371.0,160.68021968410363,1.2610340479192939
Aichi,Japan,5077.0,79.0,4554.0,444.0,67.22509708710224,1.5560370297419737
Akita,Japan,52.0,0.0,51.0,1.0,5.3802936398721135,0.0
Aomori,Japan,35.0,1.0,32.0,2.0,2.808152628711676,2.857142857142857
Chiba,Japan,3603.0,68.0,3174.0,361.0,57.56159314130373,1.8873161254510131
Ehime,Japan,114.0,6.0,108.0,0.0,8.512449457331346,5.263157894736842
Fukui,Japan,244.0,9.0,215.0,20.0,31.773439748312693,3.6885245901639343
Fukuoka,Japan,5000.0,89.0,4629.0,282.0,97.96854386806066,1.78
Fukushima,Japan,218.0,2.0,180.0,36.0,11.812395320774266,0.9174311926605505
Gifu,Japan,597.0,10.0,552.0,35.0,30.05154065741898,1.675041876046901
Gunma,Japan,644.0,19.0,480.0,145.0,33.15390412961735,2.950310559006211
Hiroshima,Japan,472.0,3.0,461.0,8.0,16.832033070665652,0.6355932203389831
Hokkaido,Japan,1933.0,106.0,1742.0,85.0,36.81870397781049,5.483704086911537
Hyogo,Japan,2582.0,56.0,2349.0,177.0,47.23582605068613,2.168861347792409
Ibaraki,Japan,623.0,16.0,568.0,39.0,21.780878765810805,2.568218298555377
Ishikawa,Japan,750.0,44.0,636.0,70.0,65.92543042713525,5.866666666666666
Iwate,Japan,23.0,0.0,23.0,0.0,1.8747717669153319,0.0
Kagawa,Japan,94.0,2.0,82.0,10.0,9.829068319344339,2.127659574468085
Kagoshima,Japan,377.0,12.0,354.0,11.0,23.52907400923563,3.183023872679045
Kanagawa,Japan,6327.0,136.0,5484.0,707.0,68.78468859572259,2.149517938991623
Kochi,Japan,137.0,4.0,129.0,4.0,19.626691727707588,2.9197080291970803
Kumamoto,Japan,570.0,8.0,537.0,25.0,32.61677520804639,1.4035087719298245
Kyoto,Japan,1672.0,25.0,1554.0,93.0,64.7320106374206,1.4952153110047848
Mie,Japan,469.0,5.0,388.0,76.0,26.33526533481725,1.0660980810234542
Miyagi,Japan,365.0,2.0,263.0,100.0,15.825769121539741,0.547945205479452
Miyazaki,Japan,365.0,1.0,340.0,24.0,34.00723562169419,0.273972602739726
Nagano,Japan,300.0,1.0,296.0,3.0,14.642789158478909,0.33333333333333337
Nagasaki,Japan,236.0,3.0,227.0,6.0,17.79085791135328,1.2711864406779663
Nara,Japan,552.0,9.0,527.0,16.0,41.49992143583714,1.6304347826086956
Niigata,Japan,162.0,0.0,144.0,18.0,7.287101919566588,0.0
Oita,Japan,158.0,2.0,151.0,5.0,13.915383897258673,1.2658227848101267
Okayama,Japan,148.0,1.0,146.0,1.0,7.832403500025933,0.6756756756756757
Okinawa,Japan,2343.0,45.0,2139.0,159.0,161.23393853979718,1.9206145966709345
Osaka,Japan,10001.0,192.0,9014.0,795.0,113.52693719171295,1.9198080191980802
Port Quarantine,Japan,887.0,1.0,514.0,372.0,,0.11273957158962795
Saga,Japan,243.0,0.0,243.0,0.0,29.82652744347382,0.0
Saitama,Japan,4424.0,100.0,4011.0,313.0,60.192990373883646,2.2603978300180834
Shiga,Japan,477.0,7.0,448.0,22.0,33.73544760998145,1.4675052410901468
Shimane,Japan,137.0,0.0,137.0,0.0,20.315980223802022,0.0
Shizuoka,Japan,519.0,2.0,494.0,23.0,14.244435612955355,0.3853564547206166
Tochigi,Japan,385.0,1.0,313.0,71.0,19.90703157720567,0.2597402597402597
Tokushima,Japan,147.0,9.0,107.0,31.0,20.192945656250128,6.122448979591836
Tokyo,Japan,24056.0,390.0,21208.0,2458.0,172.8078612347702,1.6212171599600933
Tottori,Japan,36.0,0.0,23.0,13.0,6.479971488125452,0.0
Toyama,Japan,410.0,25.0,374.0,11.0,39.29077280158543,6.097560975609756
Unknown,Japan,8.0,0.0,8.0,0.0,,0.0
Wakayama,Japan,236.0,5.0,227.0,4.0,25.515361653222453,2.11864406779661
Yamagata,Japan,78.0,1.0,76.0,1.0,7.237864050642778,1.282051282051282
Yamaguchi,Japan,195.0,1.0,171.0,23.0,14.355800037693177,0.5128205128205128
Yamanashi,Japan,181.0,6.0,168.0,7.0,22.3193366841111,3.314917127071823
,Jordan,4540.0,30.0,2672.0,1838.0,44.49610610067096,0.6607929515418502
,Kazakhstan,107262.0,1671.0,101877.0,3714.0,571.250326268605,1.557867651171897
,Kenya,36829.0,646.0,23777.0,12406.0,68.4919278499869,1.7540525129653262
,"Korea, South",22975.0,383.0,20158.0,2434.0,44.8124948665556,1.6670293797606095
,Kosovo,12683.0,488.0,8788.0,3407.0,700.5765684949894,3.847670109595522
,Kuwait,99049.0,581.0,89498.0,8970.0,2319.342906310011,0.5865783602055548
,Kyrgyzstan,45335.0,1063.0,41484.0,2788.0,694.8754259340352,2.34476673651704
,Laos,23.0,0.0,22.0,1.0,0.3161270423868636,0.0
,Latvia,1515.0,36.0,1248.0,231.0,80.32013538316681,2.376237623762376
,Lebanon,28297.0,286.0,11440.0,16571.0,414.5812095392503,1.0107078488885748
,Lesotho,1390.0,33.0,754.0,603.0,64.88499018789572,2.3741007194244603
,Liberia,1335.0,82.0,1216.0,37.0,26.39551715145115,6.142322097378277
,Libya,27234.0,436.0,14679.0,12119.0,396.34496419666357,1.6009400014687523
,Liechtenstein,113.0,1.0,109.0,3.0,296.3001809266592,0.8849557522123894
,Lithuania,3664.0,87.0,2197.0,1380.0,134.59251784618178,2.3744541484716155
,Luxembourg,7718.0,124.0,6703.0,891.0,1232.9546180684245,1.6066338429644986
,MS Zaandam,9.0,2.0,0.0,7.0,,22.22222222222222
,Madagascar,16020.0,219.0,14630.0,1171.0,57.852692239314116,1.3670411985018727
,Malawi,5718.0,179.0,4030.0,1509.0,29.890295089559803,3.130465197621546
,Malaysia,10167.0,130.0,9315.0,722.0,31.41259540336127,1.2786466017507623
,Maldives,9649.0,33.0,8188.0,1428.0,1785.0601803375132,0.34200435278267177
,Mali,3006.0,128.0,2349.0,529.0,14.843833098429425,4.258150365934797
,Malta,2699.0,19.0,2017.0,663.0,611.2710315510068,0.7039644312708411
,Mauritania,7365.0,161.0,6927.0,277.0,158.39867861305987,2.1860149355057703
,Mauritius,366.0,10.0,338.0,18.0,28.77885650437541,2.73224043715847
Aguascalientes,Mexico,6581.0,555.0,5783.0,243.0,458.72295043687063,8.433368788937852
Baja California,Mexico,18501.0,3367.0,14561.0,573.0,508.98684628987917,18.199016269390846
Baja California Sur,Mexico,9374.0,428.0,8112.0,834.0,1164.8945953066204,4.5658203541711115
Campeche,Mexico,5851.0,800.0,4981.0,70.0,584.7392159037872,13.672876431379253
Chiapas,Mexico,6427.0,1016.0,5354.0,57.0,112.1568653456227,15.808308697681655
Chihuahua,Mexico,9464.0,1276.0,7553.0,635.0,248.95521147382595,13.482671174978867
Ciudad de Mexico,Mexico,116943.0,11545.0,98840.0,6558.0,1296.680377152,9.872330964657996
Coahuila,Mexico,24766.0,1723.0,22020.0,1023.0,769.4362976586966,6.95711863038036
Colima,Mexico,4380.0,518.0,3567.0,295.0,557.8530553917517,11.826484018264841
Durango,Mexico,8098.0,559.0,6859.0,680.0,433.2807560850853,6.90293899728328
Guanajuato,Mexico,38340.0,2709.0,33126.0,2505.0,615.5896390194561,7.065727699530516
Guerrero,Mexico,17335.0,1811.0,14318.0,1206.0,474.0162010452145,10.447072396884916
Hidalgo,Mexico,11930.0,1853.0,9478.0,599.0,386.53272049699103,15.532271584241409
Jalisco,Mexico,24400.0,2974.0,19623.0,1803.0,290.1413880387786,12.188524590163935
Mexico,Mexico,76784.0,8936.0,64292.0,3556.0,440.58368846537627,11.637841216920192
Michoacan,Mexico,18684.0,1480.0,15891.0,1313.0,387.2009808096778,7.921216013701563
Morelos,Mexico,5699.0,1054.0,4449.0,196.0,278.80813558128,18.494472714511318
Nayarit,Mexico,5642.0,695.0,4662.0,285.0,437.84936957296105,12.318326834455867
Nuevo Leon,Mexico,35910.0,2820.0,30263.0,2827.0,640.0894948854336,7.852965747702589
Oaxaca,Mexico,15374.0,1356.0,13292.0,726.0,371.0306490043787,8.820085859242878
Puebla,Mexico,29938.0,3916.0,25066.0,956.0,453.3003575921753,13.080366089919165
Queretaro,Mexico,8152.0,917.0,6702.0,533.0,357.60079345966034,11.248773307163887
Quintana Roo,Mexico,11290.0,1573.0,9361.0,356.0,655.1539843981665,13.932683790965456
San Luis Potosi,Mexico,21524.0,1531.0,19097.0,896.0,750.974655128741,7.112990150529641
Sinaloa,Mexico,17772.0,3031.0,14186.0,555.0,562.997636119536,17.054917848300697
Sonora,Mexico,23749.0,2827.0,20240.0,682.0,772.3892550439142,11.90365910143585
Tabasco,Mexico,30753.0,2745.0,27115.0,893.0,1195.5508852628031,8.925958443078724
Tamaulipas,Mexico,27645.0,2059.0,24678.0,908.0,757.2723622021792,7.448001446916259
Tlaxcala,Mexico,7165.0,1002.0,5994.0,169.0,519.1987600098839,13.984647592463364
Veracruz,Mexico,31680.0,4046.0,26543.0,1091.0,370.9661818891218,12.771464646464647
Yucatan,Mexico,17222.0,1506.0,14630.0,1086.0,762.3396594570047,8.74462896295436
Zacatecas,Mexico,6748.0,630.0,5518.0,600.0,404.9384731155178,9.336099585062241
,Moldova,46336.0,1201.0,34236.0,10899.0,1148.647124428261,2.5919371546961325
,Monaco,192.0,1.0,152.0,39.0,489.24676383650996,0.5208333333333333
,Mongolia,312.0,0.0,302.0,10.0,9.517151004242454,0.0
,Montenegro,7898.0,134.0,5129.0,2635.0,1257.5191621209372,1.6966320587490504
,Morocco,99816.0,1795.0,79008.0,19013.0,270.4266892957836,1.7983088883545724
,Mozambique,6537.0,41.0,3620.0,2876.0,20.914762504505216,0.6271990209576258
,Namibia,10292.0,111.0,7969.0,2212.0,405.05077696389816,1.0785075787019043
,Nepal,62797.0,401.0,45267.0,17129.0,215.5246381140996,0.6385655365702183
Aruba,Netherlands,3460.0,23.0,2128.0,1309.0,3240.7320682614313,0.6647398843930636
"Bonaire, Sint Eustatius and Saba",Netherlands,36.0,1.0,17.0,18.0,137.294534914763,2.7777777777777777
Curacao,Netherlands,247.0,1.0,88.0,158.0,150.51797684338817,0.4048582995951417
Drenthe,Netherlands,722.0,41.0,0.0,681.0,146.2479895965419,5.678670360110803
Flevoland,Netherlands,1762.0,97.0,0.0,1665.0,416.52778467262857,5.50510783200908
Friesland,Netherlands,1011.0,69.0,0.0,942.0,155.54875168665004,6.824925816023739
Gelderland,Netherlands,9126.0,692.0,0.0,8434.0,437.4980824103335,7.582730659653738
Groningen,Netherlands,1011.0,19.0,0.0,992.0,172.5650575387546,1.8793273986152326
Limburg,Netherlands,5990.0,760.0,0.0,5230.0,536.1613532390322,12.687813021702837
Noord-Brabant,Netherlands,14278.0,1552.0,0.0,12726.0,557.0913262230512,10.869869729654013
Noord-Holland,Netherlands,18087.0,840.0,0.0,17247.0,628.1239939753995,4.644219605241333
Overijssel,Netherlands,4041.0,314.0,0.0,3727.0,347.6410135529238,7.770353872803762
Sint Maarten,Netherlands,584.0,20.0,488.0,76.0,1361.876778135348,3.4246575342465753
Unknown,Netherlands,792.0,18.0,0.0,774.0,,2.272727272727273
Utrecht,Netherlands,7260.0,437.0,0.0,6823.0,535.8590056051147,6.019283746556474
Zeeland,Netherlands,1210.0,72.0,0.0,1138.0,315.5248664886515,5.950413223140496
Zuid-Holland,Netherlands,26644.0,1364.0,0.0,25280.0,718.4196278152752,5.119351448731422
,New Zealand,1815.0,25.0,1719.0,71.0,37.638164725760866,1.3774104683195594
,Nicaragua,4961.0,147.0,2913.0,1901.0,74.88806038866919,2.9631122757508566
,Niger,1183.0,69.0,1104.0,10.0,4.887089639386488,5.832628909551986
,Nigeria,57145.0,1095.0,48431.0,7619.0,27.72150698060727,1.9161781433196257
,North Macedonia,16557.0,689.0,13792.0,2076.0,794.7181983123578,4.161381892854986
,Norway,12858.0,267.0,10371.0,2220.0,237.178122651599,2.0765282314512366
,Oman,91753.0,818.0,84648.0,6287.0,1796.7454806719586,0.8915239828670452
Azad Jammu and Kashmir,Pakistan,2517.0,67.0,2257.0,193.0,62.21933936261885,2.6618990862137464
Balochistan,Pakistan,14269.0,145.0,12969.0,1155.0,115.59080030407291,1.0161889410610414
Gilgit-Baltistan,Pakistan,3450.0,81.0,3036.0,333.0,340.37632796097813,2.3478260869565215
Islamabad,Pakistan,16124.0,180.0,15529.0,415.0,803.5595034715924,1.116348300669809
Khyber Pakhtunkhwa,Pakistan,37317.0,1258.0,35500.0,559.0,122.25713863648943,3.371117721145858
Punjab,Pakistan,98368.0,2226.0,94773.0,1369.0,89.41534085753682,2.2629310344827585
Sindh,Pakistan,133626.0,2459.0,128239.0,2928.0,279.04994713387407,1.8402107374313383
,Panama,105601.0,2247.0,80190.0,23164.0,2447.431704323384,2.1278207592731126
,Papua New Guinea,516.0,6.0,232.0,278.0,5.767278896107054,1.1627906976744187
,Paraguay,33015.0,636.0,17535.0,14844.0,462.8792307918789,1.926397092230804
Amazonas,Peru,12987.0,204.0,0.0,12783.0,3042.8772258669164,1.5708015708015708
Ancash,Peru,21235.0,1248.0,0.0,19987.0,1798.6616974419787,5.8770897103838005
Apurimac,Peru,4200.0,79.0,0.0,4121.0,975.156721615974,1.8809523809523812
Arequipa,Peru,39046.0,1297.0,0.0,37749.0,2607.586483237612,3.321723095835681
Ayacucho,Peru,10410.0,286.0,0.0,10124.0,1557.9167913798265,2.7473583093179634
Cajamarca,Peru,18433.0,441.0,0.0,17992.0,1268.005778358671,2.392448326371182
Callao,Peru,30730.0,1687.0,0.0,29043.0,2719.7097088237892,5.489749430523918
Cusco,Peru,19135.0,387.0,0.0,18748.0,1409.9918944808785,2.0224719101123596
Huancavelica,Peru,5997.0,102.0,0.0,5895.0,1641.6643854366275,1.7008504252126064
Huanuco,Peru,14919.0,366.0,0.0,14553.0,1962.251742733132,2.45324753669817
Ica,Peru,25278.0,1546.0,0.0,23732.0,2592.0836751435604,6.115990189097239
Junin,Peru,17991.0,723.0,0.0,17268.0,1321.4102093279469,4.018676004669001
La Libertad,Peru,26715.0,2158.0,0.0,24557.0,1324.6231654105513,8.077858880778589
Lambayeque,Peru,24711.0,1650.0,0.0,23061.0,1885.1846200793411,6.677188296709967
Lima,Peru,349167.0,14009.0,0.0,335158.0,3285.195465023287,4.012120274825513
Loreto,Peru,17506.0,940.0,0.0,16566.0,1703.5811599844296,5.369587569976008
Madre de Dios,Peru,7366.0,136.0,0.0,7230.0,4238.204833141542,1.8463209340211784
Moquegua,Peru,11703.0,253.0,0.0,11450.0,6073.170731707317,2.161838844740665
Pasco,Peru,4657.0,100.0,0.0,4557.0,1712.7620448694372,2.1473051320592655
Piura,Peru,33299.0,1911.0,0.0,31388.0,1625.927734375,5.738911078410763
Puno,Peru,11588.0,278.0,0.0,11310.0,936.0258481421648,2.399033482913359
San Martin,Peru,16297.0,686.0,0.0,15611.0,1811.5829257447754,4.20936368656808
Tacna,Peru,11012.0,194.0,0.0,10818.0,2968.194070080863,1.7617144932800581
Tumbes,Peru,6735.0,293.0,0.0,6442.0,2677.9324055666,4.3504083147735715
Ucayali,Peru,15295.0,309.0,0.0,14986.0,2596.3333899168224,2.020268061457993
Unknown,Peru,0.0,0.0,594513.0,-594513.0,,0.0
,Philippines,283460.0,4930.0,209885.0,68645.0,258.67602971808503,1.7392224652508292
,Poland,78330.0,2282.0,63861.0,12187.0,206.9670449965063,2.9133154602323503
,Portugal,68025.0,1899.0,45404.0,20722.0,667.127142125394,2.7916207276736493
,Qatar,123146.0,209.0,120089.0,2848.0,4274.329587026997,0.16971724619557274
,Romania,111550.0,4402.0,89119.0,18029.0,579.851564237313,3.9462124607799196
Adygea Republic,Russia,3775.0,31.0,3253.0,491.0,832.6422219085263,0.8211920529801325
Altai Krai,Russia,12914.0,164.0,11648.0,1102.0,549.5132080610022,1.2699396004336378
Altai Republic,Russia,2798.0,12.0,2235.0,551.0,1283.1154299445573,0.42887776983559683
Amur Oblast,Russia,3959.0,50.0,3514.0,395.0,495.85182810135973,1.262945188178833
Arkhangelsk Oblast,Russia,12290.0,257.0,9799.0,2234.0,1064.0434690760744,2.0911310008136694
Astrakhan Oblast,Russia,6550.0,94.0,6144.0,312.0,643.725786573944,1.4351145038167938
Bashkortostan Republic,Russia,8384.0,33.0,8158.0,193.0,206.33510800230246,0.3936068702290076
Belgorod Oblast,Russia,8208.0,57.0,7521.0,630.0,529.5907543571228,0.6944444444444444
Bryansk Oblast,Russia,8927.0,37.0,7288.0,1602.0,737.1703295342128,0.41447294723871403
Buryatia Republic,Russia,6152.0,62.0,5223.0,867.0,624.878746910903,1.0078023407022108
Chechen Republic,Russia,2374.0,40.0,1811.0,523.0,165.20747316770368,1.6849199663016006
Chelyabinsk Oblast,Russia,14928.0,122.0,10969.0,3837.0,427.3646192023214,0.817256162915327
Chukotka Autonomous Okrug,Russia,182.0,2.0,172.0,8.0,368.809272918862,1.098901098901099
Chuvashia Republic,Russia,8301.0,85.0,7047.0,1169.0,674.2657277902912,1.0239730152993616
Dagestan Republic,Russia,12514.0,543.0,10744.0,1227.0,408.4356952039648,4.3391401630174204
Ingushetia Republic,Russia,5136.0,78.0,4408.0,650.0,1052.3662873968071,1.5186915887850467
Irkutsk Oblast,Russia,18211.0,274.0,14815.0,3122.0,757.4676762908168,1.5045851408489375
Ivanovo Oblast,Russia,8184.0,130.0,6708.0,1346.0,806.5867307415591,1.5884652981427174
Jewish Autonomous Okrug,Russia,772.0,10.0,642.0,120.0,476.50203068870593,1.2953367875647668
Kabardino-Balkarian Republic,Russia,7191.0,86.0,6344.0,761.0,830.5344710496772,1.1959393686552635
Kaliningrad Oblast,Russia,3941.0,67.0,3118.0,756.0,396.2400927408937,1.700076122811469
Kalmykia Republic,Russia,5681.0,65.0,3332.0,2284.0,2062.720350891207,1.1441647597254003
Kaluga Oblast,Russia,8672.0,72.0,7367.0,1233.0,856.8695803394279,0.8302583025830259
Kamchatka Krai,Russia,4224.0,67.0,3250.0,907.0,1338.5854219681391,1.5861742424242424
Karachay-Cherkess Republic,Russia,6285.0,28.0,4703.0,1554.0,1347.8302827548493,0.44550517104216386
Karelia Republic,Russia,3610.0,16.0,2635.0,959.0,579.9345846640235,0.443213296398892
Kemerovo Oblast,Russia,8323.0,67.0,6281.0,1975.0,308.8452645519628,0.8049981977652289
Khabarovsk Krai,Russia,11325.0,101.0,9144.0,2080.0,852.5922568813417,0.8918322295805741
Khakassia Republic,Russia,3963.0,47.0,3366.0,550.0,737.2844935843412,1.1859702245773405
Khanty-Mansi Autonomous Okrug,Russia,21077.0,179.0,20289.0,609.0,1375.5651029242752,0.849266973478199
Kirov Oblast,Russia,7769.0,120.0,5512.0,2137.0,605.4215975524414,1.5446003346634058
Komi Republic,Russia,7432.0,97.0,6376.0,959.0,883.8433390060092,1.3051668460710442
Kostroma Oblast,Russia,4277.0,58.0,3148.0,1071.0,664.8282980271216,1.3560907177928454
Krasnodar Krai,Russia,12937.0,241.0,10164.0,2532.0,230.876857347834,1.8628739274947823
Krasnoyarsk Krai,Russia,18852.0,530.0,14706.0,3616.0,655.3804853611875,2.8113727986420542
Kurgan Oblast,Russia,3472.0,26.0,2973.0,473.0,410.62661953291223,0.748847926267281
Kursk Oblast,Russia,7682.0,56.0,6483.0,1143.0,688.8221965375969,0.7289768289507941
Leningrad Oblast,Russia,7519.0,91.0,5358.0,2070.0,414.5403943950213,1.2102673227822849
Lipetsk Oblast,Russia,5715.0,37.0,5113.0,565.0,496.86967756070464,0.647419072615923
Magadan Oblast,Russia,2522.0,23.0,1971.0,528.0,1750.2828073925505,0.9119746233148296
Mari El Republic,Russia,4612.0,47.0,4075.0,490.0,675.9163047954593,1.0190806591500434
Mordovia Republic,Russia,6057.0,40.0,5025.0,992.0,752.3700214643452,0.6603929337956084
Moscow,Russia,275633.0,5044.0,236055.0,34534.0,2203.9236017714998,1.829969560974194
Moscow Oblast,Russia,71348.0,1278.0,54355.0,15715.0,950.8775039532158,1.7912204967203007
Murmansk Oblast,Russia,14138.0,194.0,11694.0,2250.0,1876.1686242712894,1.37218842834913
Nenets Autonomous Okrug,Russia,324.0,0.0,114.0,210.0,736.413846398618,0.0
Nizhny Novgorod Oblast,Russia,30599.0,543.0,27156.0,2900.0,945.9457788417784,1.7745677963332134
North Ossetia - Alania Republic,Russia,5440.0,68.0,4607.0,765.0,775.1882752773364,1.25
Novgorod Oblast,Russia,4832.0,86.0,3539.0,1207.0,796.7339185722107,1.7798013245033113
Novosibirsk Oblast,Russia,12410.0,410.0,11289.0,711.0,444.9864442284252,3.30378726833199
Omsk Oblast,Russia,10190.0,261.0,8917.0,1012.0,519.8764744926358,2.5613346418056917
Orel Oblast,Russia,7975.0,122.0,6365.0,1488.0,1067.2508554734914,1.5297805642633229
Orenburg Oblast,Russia,11729.0,82.0,10667.0,980.0,593.0566510931781,0.6991218347685225
Penza Oblast,Russia,9875.0,122.0,8479.0,1274.0,741.5584366821738,1.2354430379746837
Perm Krai,Russia,9012.0,248.0,6244.0,2520.0,343.56007841038274,2.7518863737239236
Primorsky Krai,Russia,10985.0,113.0,9419.0,1453.0,574.2178536013679,1.028675466545289
Pskov Oblast,Russia,5091.0,65.0,3887.0,1139.0,799.7850901584488,1.2767629149479474
Rostov Oblast,Russia,19885.0,436.0,16054.0,3395.0,471.15806553421294,2.1926074930852404
Ryazan Oblast,Russia,7747.0,47.0,6565.0,1135.0,690.7873031385478,0.6066864592745579
Saint Petersburg,Russia,40517.0,2762.0,27717.0,10038.0,757.0532900717218,6.816891675099342
Sakha (Yakutiya) Republic,Russia,8536.0,93.0,6632.0,1811.0,885.174162371802,1.0895032802249298
Sakhalin Oblast,Russia,5206.0,0.0,3679.0,1527.0,1062.0566688631343,0.0
Samara Oblast,Russia,10550.0,172.0,8210.0,2168.0,330.3570925319257,1.6303317535545023
Saratov Oblast,Russia,14332.0,93.0,9477.0,4762.0,581.9038145313548,0.6488975718671505
Smolensk Oblast,Russia,6408.0,137.0,5627.0,644.0,674.9895717903235,2.137952559300874
Stavropol Krai,Russia,14487.0,287.0,10225.0,3975.0,517.268343263086,1.981086491337061
Sverdlovsk Oblast,Russia,27679.0,567.0,21087.0,6025.0,639.9390001424193,2.0484844105639657
Tambov Oblast,Russia,7288.0,46.0,6392.0,850.0,705.1411056241002,0.6311745334796927
Tatarstan Republic,Russia,6974.0,45.0,5898.0,1031.0,179.08298418913463,0.6452537998279323
Tomsk Oblast,Russia,6713.0,78.0,5462.0,1173.0,622.5655673850947,1.161924623864144
Tula Oblast,Russia,9808.0,356.0,8801.0,651.0,657.4365471175147,3.6296900489396413
Tver Oblast,Russia,5862.0,227.0,4416.0,1219.0,456.58721695993296,3.8723984988058686
Tyumen Oblast,Russia,8754.0,36.0,7402.0,1316.0,237.081572960676,0.411240575736806
Tyva Republic,Russia,7321.0,71.0,6609.0,641.0,2275.5671045188087,0.9698128670946592
Udmurt Republic,Russia,4245.0,62.0,3261.0,922.0,280.5602480826731,1.4605418138987045
Ulyanovsk Oblast,Russia,14154.0,140.0,12136.0,1878.0,1135.3919163689275,0.9891196834817012
Vladimir Oblast,Russia,6906.0,201.0,5774.0,931.0,501.03857039316216,2.9105125977410946
Volgograd Oblast,Russia,13965.0,130.0,12334.0,1501.0,553.8862068254329,0.9308986752595776
Vologda Oblast,Russia,4124.0,45.0,3523.0,556.0,350.47493432844186,1.0911736178467508
Voronezh Oblast,Russia,16256.0,153.0,15125.0,978.0,696.5559558619368,0.9411909448818898
Yamalo-Nenets Autonomous Okrug,Russia,14398.0,98.0,13259.0,1041.0,2673.48996466418,0.6806500902903181
Yaroslavl Oblast,Russia,8041.0,45.0,7659.0,337.0,635.3086552409608,0.559631886581271
Zabaykalsky Krai,Russia,5481.0,65.0,4602.0,814.0,510.9031828681048,1.1859149790184274
,Rwanda,4689.0,26.0,2910.0,1753.0,36.20231884769617,0.5544892301130305
,Saint Kitts and Nevis,17.0,0.0,17.0,0.0,31.959693186945405,0.0
,Saint Lucia,27.0,0.0,26.0,1.0,14.70355989522352,0.0
,Saint Vincent and the Grenadines,64.0,0.0,64.0,0.0,57.68520104193895,0.0
,San Marino,723.0,42.0,669.0,12.0,2130.355353880606,5.809128630705394
,Sao Tome and Principe,908.0,15.0,876.0,17.0,414.30729007442017,1.6519823788546255
,Saudi Arabia,329271.0,4458.0,309430.0,15383.0,945.8041532703046,1.353899979044617
,Senegal,14688.0,302.0,11153.0,3233.0,87.72134140551232,2.0561002178649237
,Serbia,32840.0,740.0,0.0,32100.0,375.8568081699642,2.253349573690621
,Seychelles,141.0,0.0,136.0,5.0,143.38010982306284,0.0
,Sierra Leone,2159.0,72.0,1650.0,437.0,27.065363668102673,3.33487725798981
,Singapore,57558.0,27.0,57142.0,389.0,983.8397509342616,0.04690920462837486
,Slovakia,6546.0,39.0,3519.0,2988.0,119.89794937141492,0.5957836846929423
,Slovenia,4309.0,141.0,2981.0,1187.0,207.2698866533393,3.2722209329310745
,Somalia,3401.0,98.0,2812.0,491.0,21.399063336382643,2.881505439576595
,South Africa,659656.0,15940.0,589434.0,54282.0,1112.2417305120043,2.4164109778429967
,South Sudan,2642.0,49.0,1290.0,1303.0,23.602501007483745,1.854655563966692
Andalusia,Spain,47612.0,1662.0,10671.0,35279.0,564.9663211866524,3.4907166260606566
Aragon,Spain,32266.0,1302.0,3772.0,27192.0,2443.3092581626643,4.035207338994607
Asturias,Spain,4340.0,341.0,1063.0,2936.0,424.57237051276405,7.857142857142857
Baleares,Spain,12059.0,270.0,1533.0,10256.0,1014.8793994378143,2.2389916245128116
C. Valenciana,Spain,34370.0,1541.0,9970.0,22859.0,690.8585762041936,4.483561245272039
Canarias,Spain,11479.0,209.0,1537.0,9733.0,520.1411390905165,1.820716090251764
Cantabria,Spain,6058.0,231.0,2287.0,3540.0,1041.5359302387556,3.8131396500495214
Castilla - La Mancha,Spain,34835.0,3065.0,6392.0,25378.0,1711.8970827229361,8.79862207549878
Castilla y Leon,Spain,38872.0,2931.0,8716.0,27225.0,1614.46472677826,7.540131714344516
Catalonia,Spain,128901.0,5797.0,26203.0,96901.0,1703.5905038980732,4.497249827386909
Ceuta,Spain,441.0,9.0,163.0,269.0,519.8693842907496,2.0408163265306123
Extremadura,Spain,8166.0,544.0,2652.0,4970.0,766.4554205649582,6.661768307616948
Galicia,Spain,18593.0,702.0,9204.0,8687.0,688.5171718248982,3.775614478567203
La Rioja,Spain,7333.0,393.0,3107.0,3833.0,2338.545337419596,5.359334515205236
Madrid,Spain,187045.0,8999.0,40736.0,137310.0,2816.2433757038348,4.811141703868054
Melilla,Spain,664.0,4.0,125.0,535.0,784.0451534437766,0.6024096385542169
Murcia,Spain,13371.0,193.0,2180.0,10998.0,898.7922667969832,1.4434223319123476
Navarra,Spain,14205.0,553.0,3905.0,9747.0,2185.5661854984874,3.8929954241464273
Pais Vasco,Spain,39430.0,1749.0,16160.0,21521.0,1810.4762429518607,4.435708851128582
Unknown,Spain,0.0,0.0,0.0,0.0,,0.0
,Sri Lanka,3283.0,13.0,3070.0,200.0,15.331628781245255,0.39597928723728293
,Sudan,13535.0,836.0,6759.0,5940.0,30.86710521901745,6.176579239009975
,Suriname,4709.0,97.0,4383.0,229.0,802.7151511845544,2.0598853259715435
Blekinge,Sweden,624.0,17.0,0.0,607.0,390.96274576143753,2.7243589743589745
Dalarna,Sweden,2365.0,174.0,0.0,2191.0,821.2775119284915,7.357293868921776
Gavleborg,Sweden,3285.0,167.0,0.0,3118.0,1143.0778545629162,5.083713850837138
Gotland,Sweden,324.0,6.0,0.0,318.0,542.8408672050397,1.8518518518518516
Halland,Sweden,2356.0,83.0,0.0,2273.0,705.710383168388,3.5229202037351444
Jamtland Harjedalen,Sweden,1222.0,64.0,0.0,1158.0,934.1793440868436,5.237315875613748
Jonkoping,Sweden,5224.0,181.0,0.0,5043.0,1436.747625818553,3.464777947932619
Kalmar,Sweden,911.0,64.0,0.0,847.0,371.16107005206845,7.025246981339188
Kronoberg,Sweden,1548.0,116.0,0.0,1432.0,768.3564220798238,7.493540051679587
Norrbotten,Sweden,1685.0,88.0,0.0,1597.0,673.7493652361321,5.222551928783383
Orebro,Sweden,2860.0,172.0,0.0,2688.0,938.3048178343532,6.013986013986014
Ostergotland,Sweden,3954.0,277.0,0.0,3677.0,849.4183610994747,7.005563985837126
Skane,Sweden,5366.0,276.0,0.0,5090.0,389.4538283833892,5.143496086470369
Sormland,Sweden,2460.0,254.0,0.0,2206.0,826.7795926598102,10.325203252032521
Stockholm,Sweden,23739.0,2400.0,0.0,21339.0,998.6618041202637,10.109945659042083
Uppsala,Sweden,3919.0,243.0,0.0,3676.0,1021.3362591311735,6.20056136769584
Varmland,Sweden,1241.0,73.0,0.0,1168.0,439.42580750246094,5.88235294117647
Vasterbotten,Sweden,905.0,31.0,0.0,874.0,333.04383666499837,3.4254143646408837
Vasternorrland,Sweden,1881.0,136.0,0.0,1745.0,766.6692480446063,7.230196703880915
Vastmanland,Sweden,2854.0,183.0,0.0,2671.0,1034.6390182892567,6.412053258584442
Vastra Gotaland,Sweden,19514.0,860.0,0.0,18654.0,1130.6689163389594,4.407092343958184
,Switzerland,49283.0,2045.0,40500.0,6738.0,569.4416553104942,4.149503885721242
,Syria,3765.0,170.0,932.0,2663.0,21.513478036853126,4.51527224435591
,Taiwan*,506.0,7.0,479.0,20.0,2.12455296739378,1.383399209486166
,Tajikistan,9303.0,73.0,8066.0,1164.0,97.53983217235456,0.7846931097495432
,Tanzania,509.0,21.0,183.0,305.0,0.852107987092757,4.12573673870334
,Thailand,3506.0,59.0,3340.0,107.0,5.022924219259783,1.6828294352538506
,Timor-Leste,27.0,0.0,26.0,1.0,2.0478716545741107,0.0
,Togo,1659.0,41.0,1259.0,359.0,20.03928860163089,2.471368294153104
,Trinidad and Tobago,3853.0,61.0,1695.0,2097.0,275.31438215751297,1.5831819361536463
,Tunisia,9110.0,138.0,2366.0,6606.0,77.08177047434819,1.5148188803512623
,Turkey,301348.0,7445.0,266117.0,27786.0,357.30535174167863,2.470565591940215
Alabama,US,144164.0,2437.0,0.0,141727.0,217075.48108777573,1.6904358924558143
Alaska,US,6729.0,45.0,0.0,6684.0,17726.97556673727,0.6687472135532769
Arizona,US,212942.0,5451.0,0.0,207491.0,43908.76018406013,2.5598519784730116
Arkansas,US,75160.0,1181.0,0.0,73979.0,192372.93107343093,1.5713145290047896
California,US,783313.0,15018.0,0.0,768295.0,89601.78835983442,1.917241256049625
Colorado,US,64336.0,2013.0,0.0,62323.0,56397.42133928405,3.1288858492912213
Connecticut,US,55527.0,4492.0,0.0,51035.0,9580.24728501345,8.089758135681741
Delaware,US,19449.0,621.0,0.0,18828.0,6099.3321324193,3.1929662193428965
Diamond Princess,US,49.0,0.0,0.0,49.0,,0.0
District of Columbia,US,14902.0,619.0,0.0,14283.0,2111.515567149227,4.153804858408267
Florida,US,681233.0,13287.0,0.0,667946.0,236106.44005877792,1.9504339924812801
Georgia,US,305021.0,6599.0,0.0,298422.0,480080.1667405715,2.163457598001449
Grand Princess,US,103.0,3.0,0.0,100.0,,2.912621359223301
Guam,US,2074.0,31.0,0.0,2043.0,1262.8707475537208,1.4946962391513983
Hawaii,US,11326.0,120.0,0.0,11206.0,1673.7842556014734,1.0595090941197245
Idaho,US,37247.0,441.0,0.0,36806.0,69518.3847474125,1.1839879721856794
Illinois,US,275041.0,8672.0,0.0,266369.0,146982.36522305556,3.152984464134438
Indiana,US,110759.0,3503.0,0.0,107256.0,123875.40405501146,3.1627226681353213
Iowa,US,79804.0,1265.0,0.0,78520.0,207944.13398515535,1.5851335772642976
Kansas,US,52486.0,594.0,0.0,51892.0,145227.296258661,1.1317303661928897
Kentucky,US,61106.0,1108.0,0.0,59998.0,134486.89264751071,1.8132425621051944
Louisiana,US,160283.0,5342.0,0.0,154941.0,238969.8004350924,3.3328550126962933
Maine,US,5034.0,139.0,0.0,4895.0,3602.4663504731443,2.7612236789829163
Maryland,US,119744.0,3876.0,0.0,115868.0,35960.74360123792,3.23690539818279
Massachusetts,US,127181.0,9295.0,0.0,117886.0,18582.599747932574,7.3084816128195245
Michigan,US,128087.0,6969.0,0.0,121118.0,56868.17460462816,5.4408331836954575
Minnesota,US,88721.0,2015.0,0.0,86706.0,109714.87602032191,2.2711646622558357
Mississippi,US,93087.0,2809.0,0.0,90278.0,297294.48071960505,3.0176071846767
Missouri,US,112864.0,1825.0,0.0,111039.0,166150.9936354476,1.6169903600793876
Montana,US,10163.0,156.0,0.0,10007.0,48994.855327805446,1.5349798287907115
Nebraska,US,40797.0,442.0,0.0,40355.0,118961.84541119004,1.0834129960536314
Nevada,US,75419.0,1528.0,0.0,73891.0,14123.74702218594,2.0260146647396544
New Hampshire,US,7920.0,438.0,0.0,7482.0,3402.5475396295647,5.53030303030303
New Jersey,US,199309.0,16064.0,0.0,183245.0,41777.125764505414,8.059846770592397
New Mexico,US,27512.0,847.0,0.0,26665.0,34703.59350002072,3.0786565862169235
New York,US,449038.0,33081.0,0.0,415957.0,63219.56222580539,7.367082518628713
North Carolina,US,192247.0,3235.0,0.0,189012.0,178093.6121853805,1.6827310699256686
North Dakota,US,17607.0,192.0,0.0,17415.0,88941.52924982907,1.090475379110581
Northern Mariana Islands,US,68.0,2.0,0.0,66.0,123.31350645582475,2.941176470588235
Ohio,US,143547.0,4612.0,0.0,138935.0,86159.4961434943,3.212884978439118
Oklahoma,US,75804.0,943.0,0.0,74861.0,123797.51818104401,1.243997678222785
Oregon,US,30342.0,521.0,0.0,29821.0,30602.326607891988,1.7170918199195833
Pennsylvania,US,154236.0,7940.0,0.0,146296.0,49873.71574110646,5.147955081822661
Puerto Rico,US,40993.0,605.0,0.0,40388.0,74864.77971449654,1.4758617324909131
Recovered,US,0.0,0.0,2577446.0,-2577446.0,,0.0
Rhode Island,US,23620.0,1088.0,0.0,22532.0,5900.332690786663,4.606265876375953
South Carolina,US,137240.0,3188.0,0.0,134052.0,128436.28599389669,2.32293791897406
South Dakota,US,18444.0,200.0,0.0,18244.0,106731.31134943198,1.0843634786380394
Tennessee,US,181439.0,2216.0,0.0,179223.0,257409.51463731375,1.2213471194175454
Texas,US,707940.0,15051.0,0.0,692889.0,507116.24360325123,2.1260276294601237
Utah,US,62852.0,440.0,0.0,62412.0,22231.284755214638,0.7000572774136066
Vermont,US,1710.0,58.0,0.0,1652.0,2843.868242258067,3.3918128654970756
Virgin Islands,US,1257.0,19.0,0.0,1238.0,1171.831301040385,1.511535401750199
Virginia,US,139546.0,2988.0,0.0,136558.0,206487.68497839474,2.1412294153899074
Washington,US,82199.0,2037.0,0.0,80162.0,44274.990002013416,2.478132337376367
West Virginia,US,13889.0,311.0,0.0,13578.0,32958.22573338183,2.2391820865433076
Wisconsin,US,97279.0,1238.0,0.0,96041.0,84413.81126703492,1.272628213694631
Wyoming,US,4781.0,49.0,0.0,4731.0,18438.202651283827,1.0248901903367496
,Uganda,6017.0,63.0,2581.0,3373.0,13.154500338864475,1.047033405351504
Cherkasy Oblast,Ukraine,2983.0,48.0,1345.0,1590.0,247.27463234166507,1.609118337244385
Chernihiv Oblast,Ukraine,3188.0,46.0,738.0,2404.0,316.9789558983639,1.4429109159347553
Chernivtsi Oblast,Ukraine,12917.0,329.0,7514.0,5074.0,1428.280777642878,2.547031044360146
Crimea Republic*,Ukraine,3573.0,47.0,2400.0,1126.0,186.703355905297,1.315421214665547
Dnipropetrovsk Oblast,Ukraine,3878.0,89.0,1830.0,1959.0,120.94270440736048,2.294997421351212
Donetsk Oblast,Ukraine,2371.0,35.0,982.0,1354.0,56.9144586009125,1.4761703922395615
Ivano-Frankivsk Oblast,Ukraine,12212.0,277.0,5354.0,6581.0,889.2759668291037,2.2682607271536193
Kharkiv Oblast,Ukraine,14464.0,295.0,4102.0,10067.0,540.5894308487299,2.039546460176991
Kherson Oblast,Ukraine,790.0,20.0,436.0,334.0,76.13430476851316,2.5316455696202533
Khmelnytskyi Oblast,Ukraine,4481.0,90.0,2044.0,2347.0,354.3118751013082,2.008480249944209
Kiev,Ukraine,19140.0,312.0,5828.0,13000.0,648.6376575843839,1.6300940438871474
Kiev Oblast,Ukraine,7611.0,156.0,4929.0,2526.0,430.50103510300124,2.0496649586125346
Kirovohrad Oblast,Ukraine,973.0,52.0,777.0,144.0,102.90318111488668,5.344295991778006
Luhansk Oblast,Ukraine,735.0,5.0,399.0,331.0,34.156925746561186,0.6802721088435374
Lviv Oblast,Ukraine,18129.0,515.0,6040.0,11574.0,718.8282730397566,2.8407523856804016
Mykolaiv Oblast,Ukraine,2374.0,57.0,815.0,1502.0,94.13085775257223,2.401010951979781
Odessa Oblast,Ukraine,11205.0,160.0,2424.0,8621.0,470.73740037003614,1.42793395805444
Poltava Oblast,Ukraine,1461.0,33.0,714.0,714.0,104.32442969668794,2.2587268993839835
Rivne Oblast,Ukraine,11015.0,151.0,8576.0,2288.0,951.7835031681473,1.3708579210167953
Sevastopol*,Ukraine,763.0,22.0,517.0,224.0,172.15276696652387,2.8833551769331587
Sumy Oblast,Ukraine,2916.0,50.0,1302.0,1564.0,269.64596483505915,1.7146776406035666
Ternopil Oblast,Ukraine,11016.0,133.0,4862.0,6021.0,1053.2767174787905,1.2073347857661585
Vinnytsia Oblast,Ukraine,5200.0,98.0,3461.0,1641.0,333.24916655665174,1.8846153846153846
Volyn Oblast,Ukraine,6783.0,143.0,4774.0,1866.0,655.1534293413695,2.1082117057349254
Zakarpattia Oblast,Ukraine,9110.0,290.0,4054.0,4766.0,724.8556256275847,3.1833150384193196
Zaporizhia Oblast,Ukraine,2829.0,42.0,1075.0,1712.0,165.84243737381553,1.4846235418875928
Zhytomyr Oblast,Ukraine,4931.0,90.0,2379.0,2462.0,404.1163979796639,1.8251875887243967
,United Arab Emirates,84242.0,404.0,73512.0,10326.0,851.755237401925,0.47957076042828994
Anguilla,United Kingdom,3.0,0.0,3.0,0.0,19.99733368884149,0.0
Bermuda,United Kingdom,180.0,9.0,166.0,5.0,289.0498289788512,5.0
British Virgin Islands,United Kingdom,69.0,1.0,48.0,20.0,228.19724178986007,1.4492753623188406
Cayman Islands,United Kingdom,208.0,1.0,204.0,3.0,316.4942178940961,0.4807692307692308
Channel Islands,United Kingdom,644.0,48.0,575.0,21.0,377.7148253068933,7.453416149068323
England,United Kingdom,336622.0,37076.0,0.0,299546.0,601.3555519032749,11.014134548544066
Falkland Islands (Malvinas),United Kingdom,13.0,0.0,13.0,0.0,373.2414585127763,0.0
Gibraltar,United Kingdom,350.0,0.0,322.0,28.0,1038.8531061707874,0.0
Isle of Man,United Kingdom,339.0,24.0,312.0,3.0,398.6734405870731,7.079646017699115
Montserrat,United Kingdom,13.0,1.0,12.0,0.0,260.05201040208044,7.6923076923076925
Northern Ireland,United Kingdom,9165.0,575.0,0.0,8590.0,487.0854591836735,6.2738679759956355
Scotland,United Kingdom,24126.0,2505.0,0.0,21621.0,441.6012300258087,10.38298930614275
Turks and Caicos Islands,United Kingdom,668.0,5.0,572.0,91.0,1725.2957280851285,0.7485029940119761
Unknown,United Kingdom,0.0,0.0,0.0,0.0,,0.0
Wales,United Kingdom,20445.0,1603.0,0.0,18842.0,651.4050850697762,7.840547811200782
,Uruguay,1904.0,46.0,1612.0,246.0,54.81144603476324,2.415966386554622
,Uzbekistan,50992.0,427.0,47271.0,3294.0,152.35500556795515,0.8373862566677126
,Venezuela,65949.0,539.0,55155.0,10255.0,231.92126950036442,0.8172982152875707
,Vietnam,1068.0,35.0,942.0,91.0,1.0972010965066137,3.2771535580524342
,West Bank and Gaza,35003.0,253.0,23446.0,11304.0,686.1428277952631,0.7227951889838014
,Western Sahara,10.0,1.0,8.0,1.0,1.674116485025028,10.0
,Yemen,2026.0,585.0,1221.0,220.0,6.79273846200063,28.8746298124383
,Zambia,14070.0,330.0,13365.0,375.0,76.53412573441756,2.345415778251599
,Zimbabwe,7672.0,225.0,5914.0,1533.0,51.6183656153327,2.93274244004171
